{
    "Tweaks": {
        "bend_down_threshold": 0.6000000238418579,
        "cpan_tolerance_x": 0.20000000298023224,
        "cpan_tolerance_y": 0.20000000298023224,
        "enter_portal_threshold": -0.6000000238418579
    }
}

